species,protein_sequence
Aptenodytes forsteri,MAPNLRKSHPLLKMINNSLIDLPTPSNISAWWNFGSLLGICLTTQILTGLLLAMHYTADTTLAFSSVAHTCRNVQYGWLIRNLHANGASFFFICIYLHIGRGFYYGSYLYKETWNTGIILLLTLMATAFVGYVLPWGQMSFWGATVITNLFSAIPYIGQTLVEWTWGGFSVDNPTLTRFFALHFLLPFMIAGLTLIHLTFLHESGSNNPLGIVANSDKIPFHPYYSTKDILGFALMLLPLTTLALFSPNLLGDPENFTPANPLVTPPHIKPEWYFLFAYAILRSIPNKLGGVLALAASVLILFLIPLLHKSKQRTMAFRPLSQLLFWALVANLIILTWVGSQPVEHPFIIIGQLASLTYFTTLLILFPIAGALENKMLNH
Aptenodytes patagonicus,MAPNLRKSHPLLKMINNSLIDLPTPSNISAWWNFGSLLGICLTTQILTGLLLAMHYTADTTLAFSSVAHTCRNVQYGWLIRNLHANGASFFFICIYLHIGRGFYYGSYLYKETWNTGIILLLTLMATAFVGYVLPWGQMSFWGATVITNLFSAIPYIGQTLVEWAWGGFSVDNPTLTRFFALHFLLPFMIAGLTLIHLTFLHESGSNNPLGIVANSDKIPFHPYYSTKDTLGFALMLLPLTTLALFSPNLLGDPENFTPANPLVTPPHIKPEWYFLFAYAILRSIPNKLGGVLALAASVLILFLIPLLHKSKQRTMTFRPLSQLLFWTLVANLTILTWIGSQPVEHPFIIIGQLASLTYFTILLILFPLIGTLENKMLNH
Eudyptes chrysocome,MAPNLRKSHPLLKTINNSLIDLPTPSNISAWWNFGSLLGICLATQILTGLLLAAHYTADTTLAFSSVAHTCRNVQYGWLIRNLHANGASFFFICIYLHIGRGLYYGSYLYKETWNTGIILLLTLMATAFVGYVLPWGQMSFWGATVITNLFSAIPYIGQTLVEWAWGGFSVDNPTLTRFFTLHFLLPFMIAGLTLIHLTFLHESGSNNPLGIVANSDKIPFHPYYSTKDILGFILLLLPLTTLALFSPNLLGDPENFTPANPLVTPPHIKPEWYFLFAYAILRSIPNKLGGVLALAASVLILFLIPLLHKSKQRTMTFRPLSQLLFWTLVANLTILTWIGSQPVEHPFIIIGQLASLTYFTILLILFPLIGTLENKMLNH
Eudyptes chrysolophus,MAPNLRKSHPLLKTINNSLIDLPTPSNISAWWNFGSLLGICLATQILTGLLLAAHYTADTTLAFSSVAHTCRNVQYGWLIRNLHANGASFFFICIYLHIGRGLYYGSYLYKETWNTGIILLLTLMATAFVGYVLPWGQMSFWGATVITNLFSAIPYIGQTLVEWAWGGFSVDNPTLTRFFTLHFLLPFMIAGLTLIHLTFLHESGSNNPLGIVANSDKIPFHPYYSTKDILGFILLLLPLTALALFSPNLLGDPENFTPANPLVTPPHIKPEWYFLFAYAILRSIPNKLGGVLALAASVLILFLIPLLHKSKQRTMTFRPLSQLLFWTLVANLTILTWIGSQPVEHPFIIIGQLASLTYFTILLILFPLIGTLENKMLNH
Eudyptes sclateri,MAPNLRKSHPLLKTINNSLIDLPTPSNISAWWNFGSLLGICLATQILTGLLLAAHYTADTTLAFSSVAHTCRNVQYGWLIRNLHANGASFFFICIYLHIGRGLYYGSYLYKETWNTGIILLLTLMATAFVGYVLPWGQMSFWGATVITNLFSAIPYIGQTLVEWAWGGFSVDNPTLTRFFTLHFLLPFMIAGLTLIHLTFLHESGSNNPLGIVANSDKIPFHPYYSTKDILGFILLLLPLTTLALFSPNLLGDPENFTPANPLVTPPHIKPEWYFLFAYAILRSIPNKLGGVLALAASVLILFLIPLLHKSKQRTMTFRPLSQLLFWTLVANLTILTWIGSQPVEHPFIIIGQLASLTYFTILLILFPLIGTLENKMLNH
Eudyptula minor,MAPNLRKSHPLLKMINNSLIDLPTPSNISTWWNFGSLLGICLITQILTGLLLAAHYTADTTLAFSSIAHTCRNVQYGWLIRNLHANGASFFFICIYLHIGRGLYYGSYLYKETWNTGIILLITLMATAFVGYVLPWGQMSFWGATVITNLFSAIPYIGQTLVEWAWGGFSVDNPTLTRFFALHFLLPFMITGLTLIHLTFLHESGSNNPLGIVANSDKIPFHPYYSTKDILGFILLLLPLTTLALFSPNLLGDPENFTPANPLVTPPHIKPEWYFLFAYAILRSIPNKLGGVLALAASVLILFLIPLLHKSKQRSMAFRPLSQLLFWTLVANLTILTWVGNQPVEHPFIIIGQLASLTYFTILLILFPLAGTLENKMLSH
Pygoscelis adeliae,MAPNLRKSHPLLKMINNSLIDLPTPSNISAWWNFGSLLGICLTTQILTGLLLAMHYTADTTLAFSSIAHTCRDVQYGWLIRNLHANGASFFFICIYLHIGRGLYYGSYLYKETWNTGIILLLTLMATAFVGYVLPWGQMSFWGATVITNLFSAIPYIGQTLVEWAWGGFSVDNPTLTRFFALHFLLPFVIMGLTLIHLTFLHESGSNNPLGIVANSDKIPFHPYYSTKDILGFAFMLLPLTTLALFSPNLLGDPENFTPANPLVTPPHIKPEWYFLFAYAILRSIPNKLGGVLALAASVLILFLIPLLHKSKQRTMAFRPLSQLLFWALVANLAILTWVGSQPVEHPFIIIGQLASLTYFTILLILFPSIGALENKMLNH
Pygoscelis antarctica,MAPNLRKSHPLLKMINNSLIDLPTPSNISAWWNFGSLLGICLTTQILTGLLLAMHYTADTTLAFSSIAHTCRDVQYGWLIRNMHANGASLLFICIYLHIGRGVYDGSYLHKETWNTGVILLLTLMATAFVGYVLPWGQMSFWGATVITNLFSAIPYIGQTIVEWAWGGFSVDNPTLTRFFALHFLLPFMITGLTLIHLTFLHESGSNNPLGIVANSDKIPFHPYYSTKDILGFTLMLLPLTTLALFSPNLLGDPENFTPANPLVTPPHIKPEWYFLFAYAILRSIPNKLGGVLALAASVLVLFLSPLLHKSKQRTMAFRPLSQLLFWTLVANLLILTWIGSQPVEHPFIIIGQLASTTYFIILLILFPITSALENKMLNF
Pygoscelis papua,MAPNLRKSHPLLKMINKSLIDLPTPPNISAWWNFGSLLGICLITQILTGLLLAMHYTADTTLAFSSIAHTCRNVQYGWLIRNLHANGASFFFICIYFHIGRGLYYGSYLYKETWNTGIILLLTLMATAFVGYVLPWGQMSFWGATVITNLFSAIPYVGQTLVEWAWGGFSVDNPTLTRFFALHFLLPFMITGLTLIHLTFLHESGSNNPLGIVANSDKIPFHPYYSTKDILGFALMLLPLTTLALFSPNLLGDPENFTPANPLVTPPHIKPEWYFLFAYAILRSIPNKLGGVLALAASVLILFLSPLLHKSKQRTMAFRPLSQLLFWTLVANLLILTWIGSQPVEHPFIIIGQLASTTYFIILLILFPITSALENKMLNF
Spheniscus demersus,MAPNLRKSHPLLKTINNSLIDLPTPSNISAWWNFGSLLGICLATQILTGLLLAAHYTADTTLAFSSVAHMCRNVQYGWLIRNLHANGASFFFICIYLHIGRGLYYGSYLYKETWNTGIILLLTLMATAFVGYVLPWGQMSFWGATVITNLFSAIPYIGQTLVEWAWGGFSVDNPTLTRFFALHFLLPFMITGLTLIHLTFLHESGSNNPLGIVANSDKIPFHPYYSTKDILGFMLLLLPLTTLALFSPNLLGDPENFTPANPLVTPPHIKPEWYFLFAYAILRSIPNKLGGVLALAASVLILFLMPLLHKSKQRTMAFRPLSQLLFWTLVANLIILTWIGSQPVEHPFIAIGQLASFTYFTTLLILFPLAGALENKMLNH
Spheniscus humboldti,MAPNLRKSHPLLKTINNSLIDLPTPSNISAWWNFGSLLSICLATQILTGLLLAAHYTADTTLAFSSVAHMCRNVQYGWLIRNLHANGASFFFICIYLHIGRGLYYGSYLHKETWNTGIILLLTLMATAFVGYVLPWGQMSFWGATVITNLFSAIPYIGQTLVEWAWGGFSVDNPTLTRFFALHFLLPFMITGLALIHLTFLHESGSNNPLGIVANSDKIPFHPYYSTKDILGFMLLLLPLTTLALFSPNLLGDPENFTPANPLVTPPHIKPEWYFLFAYAILRSIPNKLGGVLALAASVLILFLMPLLHKSKQRTMAFRPLSQLLFWTLVANLIILTWVGSQPVEHPFIIIGQLASLTYFTTLLILFPLAGALENKMLNH
Spheniscus magellanicus,MAPNLRKSHPLLKTINNSLIDLPTPSNISAWWNFGSLLGICLATQILTGLLLAAHYTADTTLAFSSVAHMCRNVQYGWLIRNLHANGASFFFICIYLHIGRGLYYGSYLYKETWNTGIILLLTLMATAFVGYVLPWGQMSFWGATVITNLFSAIPYIGQTLVEWAWGGFSVDNPTLTRFFALHFLLPFMITGLTLIHLTFLHESGSNNPLGIVANSDKIPFHPYYSTKDILGFMLLLLPLTTLALFSPNLLGDPENFTPANPLVTPPHIKPEWYFLFAYAILRSIPNKLGGVLALAASVLILFLMPLLHKSKQRTMAFRPLSQLLFWTLVANLIILTWVGSQPVEHPFIIIGQLASFTYFTTLLILFPLAGALENKMLNH
